Sneha-111sneha@gmail.com
Shubhankar-211shubho@gmail.com
Pranjal-6.pranjal@gmail.com
Abhipsa-abhipsa.nagda@gmail.com
Aditya-aditya.cricket.98@gmail.com
Ahana-ahana777@gmail.com
Anjalika-anjalika.anju26@gmail.com
Chirag-apl.super.selector@gmail.com
Bala-balathambu3914@gmail.com
Baptiste-baptiste.goujaud@gmail.com
Abeni-betiofosama@gmail.com
Gyandeep-gyandeep.singh447@gmail.com
Jagdish-jagdishchandra100@gmail.com
Jay-jayraichura@gmail.com
Joy-jsjudi@gmail.com
Karthik-karthikt94@gmail.com
Kruti-kruti0611@gmail.com
Meera-meera.cm@gmail.com
Monika-monikahalan@gmail.com
Mukunda-mukunda555@gmail.com
Mukut-mukutbanrfo@gmail.com
Ritaj-music.ritaj@gmail.com
Nandini-nansengupta@gmail.com
Pranav-pranavagl1995@gmail.com
Pratik-praty9876@gmail.com
Priyo-priyobrotos@gmail.com
Ritavan-ritavan13@gmail.com
Ritika-ritika111@gmail.com
Sanjana-sampath.sanjanas.sanjana@gmail.com
Saptarshi-saptarshi.kotal@gmail.com
Satya-satya.dayanand@gmail.com
Shanti-shanti.ramanathan@gmail.com
Shashwat-shaswat3001@gmail.com
Shreyas-shreyasshree@rocketmail.com
Suman-suman7495@gmail.com
Suruchi-suruchi968@gmail.com
Utsarga-utsarga96.new@gmail.com
Bittu-vdundur@gmail.com
Vibhu-vibhud04@gmail.com
Vidula-vidula14@gmail.com
Vignesh-vigneshwaran2895@gmail.com
Vikas-vikas81@gmail.com
Vinod-vin_chandola@yahoo.com
Vinay-vinaykhare25@gmail.com
